BOARD_NO,TITLE,CONTENTS,MODIFIED_AT,CREATED_AT
1,Fianna,Borgesio,10/24/2023,4/23/2023
2,Karalee,Chattington,7/6/2023,11/16/2023
3,Celinka,Cunniff,12/15/2023,5/30/2023
4,Gilburt,Points,10/31/2023,11/28/2023
5,Iosep,Duffet,10/2/2023,11/9/2023
6,Hugibert,Swithenby,5/24/2023,11/8/2023
7,Dur,Pedel,3/29/2023,3/5/2024
8,Jinny,Flinders,2/1/2024,6/22/2023
9,Charlot,Zappel,2/5/2024,11/18/2023
10,Forster,Godly,4/3/2023,1/21/2024
11,Ellery,Caile,5/26/2023,12/16/2023
12,Ewen,Pauncefort,6/8/2023,3/25/2023
13,Jillian,Almey,10/7/2023,5/29/2023
14,Julee,Faircliffe,1/25/2024,5/20/2023
15,Paxon,Kleinmann,9/11/2023,6/22/2023
16,Lionello,Stokoe,1/23/2024,11/8/2023
17,Lilas,Willsmore,12/3/2023,7/30/2023
18,Teirtza,Cowing,6/12/2023,11/26/2023
19,Danita,Sorley,3/25/2023,3/24/2023
20,Wanids,Marguerite,1/3/2024,12/14/2023
21,Moses,Metzing,3/4/2024,5/10/2023
22,Darrin,Loft,9/30/2023,11/3/2023
23,Brittne,Vick,1/2/2024,11/21/2023
24,Simon,Bowler,8/15/2023,11/9/2023
25,Dev,Bertie,6/9/2023,1/17/2024
26,Junette,Osborn,5/15/2023,9/5/2023
27,Dell,Dutson,10/1/2023,4/30/2023
28,Benedikta,Mardell,10/18/2023,6/7/2023
29,Basile,Iggo,10/27/2023,7/4/2023
30,Jolene,Seely,6/19/2023,11/26/2023
31,Julee,Shord,5/6/2023,3/26/2023
32,Jerrine,Grebner,6/26/2023,6/21/2023
33,Verge,Bocke,10/15/2023,5/7/2023
34,Muire,Turtle,2/23/2024,12/12/2023
35,Nancey,Mattiussi,4/9/2023,1/17/2024
36,Falito,Parkey,4/16/2023,3/18/2023
37,Doe,Clemont,3/26/2023,6/30/2023
38,Staffard,Guild,10/11/2023,5/11/2023
39,Kip,Wilcot,9/7/2023,7/3/2023
40,Kellina,Koba,10/29/2023,6/4/2023
41,Salim,Pane,5/17/2023,12/12/2023
42,Paloma,Antonoyev,5/5/2023,6/30/2023
43,Filippo,Reef,7/18/2023,12/28/2023
44,Ardyce,Milstead,6/17/2023,1/6/2024
45,Eberhard,Eirwin,6/6/2023,12/15/2023
46,Julianne,Bosnell,9/14/2023,4/8/2023
47,Dina,Chiplen,1/27/2024,5/29/2023
48,Genna,Blanche,3/25/2023,4/21/2023
49,Fifi,Cockell,3/15/2023,3/26/2023
50,Russell,Channer,7/13/2023,5/8/2023
51,Evangelia,Eastes,8/8/2023,11/2/2023
52,Nikkie,Rowland,9/10/2023,6/29/2023
53,Eloise,Lusk,4/23/2023,7/13/2023
54,Stormy,McGarrahan,10/25/2023,1/18/2024
55,Wilek,Beatty,4/7/2023,2/9/2024
56,Lonny,Sackett,10/3/2023,11/24/2023
57,Jenn,Cassella,9/22/2023,7/4/2023
58,Vanny,Toyne,3/16/2023,4/25/2023
59,Carolann,Barens,8/22/2023,12/30/2023
60,Lanie,McCumskay,2/20/2024,7/7/2023
61,Gizela,Gladtbach,3/4/2024,10/30/2023
62,Nikolaos,Shires,4/7/2023,11/27/2023
63,Wendell,Chaffin,12/14/2023,12/20/2023
64,Lorena,McClancy,7/30/2023,3/6/2024
65,Christean,Petrus,10/21/2023,11/30/2023
66,Micaela,Wolfarth,12/26/2023,2/13/2024
67,Huntington,Pusey,12/5/2023,1/15/2024
68,Farrand,Ibbeson,6/2/2023,4/26/2023
69,Trude,Pesak,4/6/2023,8/8/2023
70,Valida,Ibbison,2/2/2024,2/10/2024
71,Guido,Gruszecki,8/30/2023,4/11/2023
72,Bale,Lovick,10/14/2023,7/7/2023
73,Sandie,Cometto,5/21/2023,1/1/2024
74,Simonne,Goodship,2/29/2024,5/20/2023
75,Ianthe,Marshal,12/20/2023,8/6/2023
76,Isador,Jeffcoat,10/12/2023,1/29/2024
77,Maxy,Hair,8/6/2023,7/23/2023
78,Cordelie,Cadreman,3/29/2023,10/4/2023
79,Ivor,Piatkow,4/22/2023,8/30/2023
80,Rickert,Brocket,1/26/2024,3/14/2023
81,Peadar,Drakeford,12/16/2023,7/4/2023
82,Vilhelmina,Giorgini,9/8/2023,9/25/2023
83,Darice,Pieterick,3/6/2024,7/21/2023
84,Tomasine,Hicken,11/9/2023,7/28/2023
85,Englebert,Bousquet,4/24/2023,4/20/2023
86,Lonna,Raikes,6/1/2023,5/12/2023
87,Reinhold,Crathorne,4/25/2023,9/29/2023
88,Sibylle,Banghe,8/31/2023,2/16/2024
89,Cornie,Berridge,12/29/2023,8/9/2023
90,Patsy,Fluit,11/5/2023,7/25/2023
91,Aubrey,Hallyburton,4/13/2023,12/20/2023
92,Brandy,O'Devey,10/26/2023,8/27/2023
93,Lauritz,MacMaykin,10/21/2023,7/11/2023
94,Mehetabel,Crumb,1/1/2024,1/1/2024
95,Valdemar,McCaighey,10/23/2023,10/15/2023
96,Lucilia,Band,6/28/2023,9/1/2023
97,Marlo,Pendered,12/12/2023,2/9/2024
98,Jerrilyn,Gowman,10/26/2023,5/25/2023
99,Gael,Dudden,5/7/2023,4/26/2023
100,Rowena,Tale,12/2/2023,5/20/2023
101,Ichabod,Lyard,9/24/2023,4/9/2023
102,Trixy,Catherine,7/21/2023,5/19/2023
103,Travis,Scrymgeour,12/2/2023,10/3/2023
104,Sabina,Pound,10/5/2023,2/9/2024
105,Berne,Hymer,3/2/2024,6/23/2023
106,Micah,Roman,1/14/2024,4/26/2023
107,Glenn,Tabert,3/22/2023,5/5/2023
108,Chelsy,Goggins,12/1/2023,5/16/2023
109,Grace,Rennick,2/28/2024,7/28/2023
110,Read,Olin,4/26/2023,3/10/2024
111,Algernon,Dalyell,3/3/2024,9/25/2023
112,Maighdiln,Kelmere,9/14/2023,3/16/2023
113,Abe,Dwyr,1/25/2024,7/7/2023
114,Yolande,Grigorey,11/19/2023,11/12/2023
115,Renelle,Paiton,7/12/2023,12/10/2023
116,Gustaf,Bangley,12/24/2023,3/21/2023
117,Hermon,Sleightholme,8/28/2023,6/17/2023
118,Francene,Duddy,11/16/2023,10/15/2023
119,Cam,Rodbourne,9/30/2023,4/17/2023
120,Igor,MacLennan,12/10/2023,6/9/2023
121,Elyn,Chuney,1/5/2024,8/17/2023
122,Mildrid,Passfield,7/25/2023,8/10/2023
123,Ogdan,Bizzey,1/12/2024,6/18/2023
124,Nike,Sherbourne,1/26/2024,5/31/2023
125,Baxie,Bessey,4/21/2023,2/15/2024
126,Deny,Goch,5/17/2023,11/3/2023
127,Matthus,Porkiss,12/13/2023,6/19/2023
128,Yvor,Rens,3/8/2024,11/12/2023
129,Violet,Graal,11/29/2023,8/7/2023
130,Jake,Rosina,9/12/2023,2/22/2024
131,Juana,Ramel,11/25/2023,12/12/2023
132,Valentijn,Shoobridge,4/10/2023,7/9/2023
133,Evita,Dumphry,10/11/2023,1/8/2024
134,Robinet,Wiffen,3/25/2023,7/15/2023
135,Skipp,De Witt,6/25/2023,12/14/2023
136,Codee,Raubenheimer,12/30/2023,10/20/2023
137,Sharlene,Gadault,7/2/2023,8/31/2023
138,Erin,MacNaughton,6/30/2023,2/27/2024
139,Dorie,Rustadge,6/27/2023,10/21/2023
140,Yasmin,Ruppertz,10/24/2023,10/28/2023
141,Brant,Studeart,12/27/2023,9/19/2023
142,Louisette,Collidge,4/27/2023,6/22/2023
143,Meier,Edison,12/20/2023,4/21/2023
144,Marlie,Pidwell,5/15/2023,5/21/2023
145,Fonsie,De Bell,12/15/2023,12/1/2023
146,Reidar,Tapscott,2/28/2024,8/11/2023
147,Larina,Padbery,8/5/2023,12/15/2023
148,Phelia,Eason,6/25/2023,8/25/2023
149,Michaela,Titt,6/3/2023,1/28/2024
150,Joelle,Stolze,11/5/2023,9/10/2023
151,Dorotea,Boutwell,3/2/2024,11/22/2023
152,Abbey,Greenan,11/21/2023,3/1/2024
153,Loria,Vakhlov,5/12/2023,9/16/2023
154,Charley,Attewell,9/18/2023,2/22/2024
155,Dorie,Tatem,2/9/2024,7/12/2023
156,Amye,Hurst,10/26/2023,1/26/2024
157,Tripp,Spurrior,7/28/2023,9/6/2023
158,Cello,Fackrell,1/30/2024,7/17/2023
159,Billy,Aurelius,8/18/2023,11/3/2023
160,Fan,Kinnear,5/31/2023,3/6/2024
161,Gerome,Dubarry,8/18/2023,5/8/2023
162,Cornelius,Boatwright,12/19/2023,5/11/2023
163,Joshia,Jindacek,1/7/2024,12/4/2023
164,Berk,Louisot,1/7/2024,9/6/2023
165,Tris,Fasler,2/26/2024,3/17/2023
166,Lilyan,Cromett,4/14/2023,2/6/2024
167,Garvy,Genney,2/16/2024,12/19/2023
168,Sigfrid,Hinkes,3/7/2024,11/16/2023
169,Michaela,McIlenna,11/5/2023,1/12/2024
170,Cristen,Crowley,12/12/2023,5/9/2023
171,Nadiya,Towle,4/28/2023,1/16/2024
172,Sigismund,Derkes,4/20/2023,3/17/2023
173,Kristo,Moorrud,1/12/2024,12/5/2023
174,Antonella,Avrahamy,5/10/2023,9/7/2023
175,Ruth,Lohoar,7/18/2023,6/20/2023
176,Drew,Danbury,10/9/2023,1/14/2024
177,Miguelita,Banasik,2/3/2024,11/26/2023
178,Beret,Lendrem,9/29/2023,7/24/2023
179,Saraann,Boldry,12/9/2023,10/14/2023
180,Gussi,Wybrow,6/28/2023,6/29/2023
181,Arabela,Eagleston,8/3/2023,7/9/2023
182,Jerri,Daouse,5/28/2023,10/4/2023
183,Pooh,Braunston,9/25/2023,11/3/2023
184,Any,Sarjant,11/14/2023,11/11/2023
185,Belva,Brushneen,3/25/2023,1/8/2024
186,Carolynn,Aberchirder,4/14/2023,11/18/2023
187,Maxine,Parsand,6/20/2023,5/18/2023
188,Shadow,Brownsword,5/11/2023,5/23/2023
189,Mathew,Silby,4/30/2023,10/22/2023
190,Jojo,Tydd,1/6/2024,1/27/2024
191,Adelaide,Bank,11/18/2023,9/30/2023
192,Dedie,Mechem,1/22/2024,7/9/2023
193,Zebadiah,Gascoine,2/29/2024,12/10/2023
194,Faustine,Shimony,1/7/2024,4/5/2023
195,Jereme,Buxy,7/27/2023,5/11/2023
196,Verile,Scranney,1/30/2024,5/20/2023
197,Jay,Biermatowicz,7/28/2023,5/12/2023
198,Emilee,Bradder,9/17/2023,9/15/2023
199,Hurlee,Braz,2/16/2024,3/3/2024
200,Dorothea,Esch,11/1/2023,6/2/2023
201,Mick,Goligly,6/19/2023,3/30/2023
202,Gabbey,Laverenz,9/24/2023,1/9/2024
203,Livvyy,Vahey,3/27/2023,9/16/2023
204,Alic,Schwanden,7/27/2023,4/9/2023
205,Devon,Parke,3/23/2023,7/3/2023
206,Ursula,Richardes,2/18/2024,5/3/2023
207,Tamas,Elintune,1/2/2024,5/16/2023
208,Korie,Andres,6/12/2023,3/6/2024
209,Yancy,Kingaby,7/3/2023,11/15/2023
210,Abbot,Djokic,5/10/2023,10/1/2023
211,Karee,St Pierre,9/17/2023,11/27/2023
212,Justin,Petrowsky,5/23/2023,10/7/2023
213,Corri,Choppin,8/13/2023,3/26/2023
214,Pammi,Grimsdike,10/2/2023,1/11/2024
215,Madelina,Swyndley,11/18/2023,3/10/2024
216,Rorke,Worthington,12/10/2023,3/5/2024
217,Emmie,Roycroft,7/4/2023,9/29/2023
218,Hector,Jeremiah,3/5/2024,9/28/2023
219,Lindie,Chesnay,5/28/2023,11/10/2023
220,Agustin,Ovendon,8/30/2023,5/12/2023
221,Jen,Pester,11/30/2023,9/21/2023
222,Broderic,Rope,7/24/2023,3/2/2024
223,Erin,Swanborrow,10/14/2023,11/11/2023
224,Moises,Mougin,8/16/2023,11/10/2023
225,Sacha,Jochens,2/16/2024,12/25/2023
226,Hazel,Conibear,5/23/2023,7/26/2023
227,Mark,Carletto,9/14/2023,2/7/2024
228,Raven,Gianetti,7/25/2023,2/4/2024
229,Melania,Janicijevic,2/12/2024,9/8/2023
230,Ofella,Bremmer,10/19/2023,8/20/2023
231,Salvidor,Schruurs,5/19/2023,8/10/2023
232,Brien,Merrill,8/22/2023,11/11/2023
233,Rosie,Quincey,2/5/2024,9/14/2023
234,Aldus,Gudger,6/24/2023,12/27/2023
235,Martica,Bunyard,9/23/2023,4/14/2023
236,Lauryn,Saffell,3/8/2024,7/14/2023
237,Michelina,Greser,7/22/2023,5/24/2023
238,Cordelia,Dieton,3/6/2024,7/22/2023
239,Sibilla,Petkovic,10/7/2023,8/28/2023
240,Edd,McKennan,5/11/2023,11/15/2023
241,Dave,McKirton,8/31/2023,11/11/2023
242,Maddy,Townend,1/30/2024,8/17/2023
243,Randee,Roughey,8/5/2023,4/14/2023
244,Giovanna,Griston,6/17/2023,10/7/2023
245,Edithe,Ellgood,1/25/2024,4/20/2023
246,Missie,Hazzard,12/13/2023,1/8/2024
247,Odetta,Livens,1/17/2024,10/5/2023
248,Major,Lamdin,4/20/2023,10/5/2023
249,Saleem,Hast,12/4/2023,12/26/2023
250,Terrel,Chate,5/6/2023,8/23/2023
251,Darcey,Coucha,1/11/2024,1/29/2024
252,Constantina,Aked,1/31/2024,10/21/2023
253,Westbrook,McGowan,4/3/2023,8/3/2023
254,Georgeta,Empson,7/23/2023,12/3/2023
255,Gerry,Vallerine,6/23/2023,1/2/2024
256,Wanids,Durnill,12/25/2023,6/20/2023
257,Carmon,Northern,9/20/2023,4/14/2023
258,Cassaundra,Perott,7/29/2023,10/18/2023
259,Aldridge,Wheelton,7/5/2023,10/12/2023
260,Jose,Blandamere,9/29/2023,12/15/2023
261,Ugo,Zywicki,10/31/2023,11/10/2023
262,Shem,Caulliere,4/18/2023,9/19/2023
263,Vicky,Candish,2/26/2024,3/12/2023
264,Ariel,O'Brollachain,9/5/2023,11/7/2023
265,Tybi,Palfery,10/20/2023,11/30/2023
266,Neall,Clayworth,11/16/2023,7/26/2023
267,Hyacinth,Faull,4/9/2023,8/3/2023
268,Gerrie,Drissell,11/16/2023,3/7/2024
269,Padget,McLellan,1/26/2024,2/27/2024
270,Conrad,Lewtey,7/17/2023,11/26/2023
271,Nathaniel,Glenwright,4/22/2023,12/26/2023
272,Nolana,Sutcliffe,9/18/2023,10/29/2023
273,Alex,Gwinnel,6/26/2023,11/16/2023
274,Kristyn,Ruprechter,6/25/2023,11/17/2023
275,Ryann,Sizzey,12/17/2023,10/16/2023
276,Rance,Hairsnape,4/22/2023,9/2/2023
277,Scarface,Shernock,8/7/2023,1/5/2024
278,Scotty,Kebell,7/3/2023,3/9/2024
279,Kylynn,Busfield,8/11/2023,7/21/2023
280,Blinni,McMennum,11/15/2023,7/29/2023
281,Maybelle,Basile,4/25/2023,12/10/2023
282,Danita,Hartfield,10/15/2023,6/11/2023
283,Sigismund,Cramer,1/27/2024,11/10/2023
284,Robena,Currm,3/5/2024,4/7/2023
285,Jessey,Dranfield,7/19/2023,5/29/2023
286,Jillayne,Trighton,11/28/2023,3/13/2023
287,Aile,Adger,2/27/2024,12/30/2023
288,Oberon,Breitling,9/26/2023,2/23/2024
289,Yvonne,Scamp,9/1/2023,11/26/2023
290,Kerr,Redfern,6/9/2023,4/15/2023
291,Blondelle,Byres,12/4/2023,11/2/2023
292,Nessa,Fumagallo,5/1/2023,11/4/2023
293,Thibaut,Kibard,12/1/2023,2/25/2024
294,Adoree,Satterley,5/20/2023,6/10/2023
295,Nicole,Crottagh,3/2/2024,2/11/2024
296,Kizzee,Gillott,1/20/2024,11/3/2023
297,Bryana,Heyworth,5/2/2023,12/14/2023
298,Cyrille,Kordovani,9/25/2023,2/8/2024
299,Katerine,Minot,6/4/2023,2/6/2024
300,Kelci,Stanbra,11/23/2023,3/31/2023
301,Catrina,Gladdifh,3/1/2024,8/22/2023
302,Harcourt,Dryden,3/28/2023,3/20/2023
303,Arlan,Di Francesco,5/10/2023,8/9/2023
304,Alexandros,Elkin,5/7/2023,11/26/2023
305,Porty,Chrystal,4/23/2023,4/23/2023
306,Casey,Dunlap,5/26/2023,12/24/2023
307,Marice,Boom,1/11/2024,4/6/2023
308,Robinson,Sogg,2/10/2024,8/22/2023
309,Helena,Calvie,2/2/2024,10/18/2023
310,Rafaello,Knapp,1/14/2024,8/11/2023
311,Zia,Bissiker,9/18/2023,2/28/2024
312,Jerri,Carsberg,4/22/2023,8/24/2023
313,Elvis,Greene,9/12/2023,6/18/2023
314,Morty,Pride,8/11/2023,3/10/2024
315,Fran,Cafferty,1/12/2024,12/15/2023
316,Lauretta,Gadault,7/13/2023,11/9/2023
317,Tull,Pashen,10/6/2023,11/5/2023
318,Simone,Brewin,4/25/2023,1/30/2024
319,Pammi,Ferryn,3/13/2023,3/24/2023
320,Cordie,Fagence,6/8/2023,12/6/2023
321,Tabbi,Sauvage,2/25/2024,10/4/2023
322,Zena,Keslake,12/15/2023,2/2/2024
323,Bald,Guthrie,4/30/2023,12/19/2023
324,Gaelan,Wigglesworth,6/25/2023,8/18/2023
325,Borg,Foyston,11/1/2023,3/5/2024
326,Zarah,Stonebridge,5/28/2023,2/5/2024
327,Cathryn,Lough,9/3/2023,12/2/2023
328,Arvie,Castilla,6/22/2023,2/7/2024
329,Ilene,Brugsma,5/19/2023,2/9/2024
330,Hollie,Beslier,7/20/2023,12/21/2023
331,Dorie,Crich,3/3/2024,2/5/2024
332,Danny,Domegan,6/9/2023,8/4/2023
333,Ashlen,Robertucci,12/3/2023,9/24/2023
334,Stafani,Bebbington,8/15/2023,12/21/2023
335,Lon,Carding,10/13/2023,3/17/2023
336,Ermin,Aitcheson,1/8/2024,7/26/2023
337,Layney,Packington,8/13/2023,3/25/2023
338,Bidget,Gehrts,11/30/2023,11/18/2023
339,Llewellyn,Scollard,12/23/2023,6/20/2023
340,Kerianne,Seago,11/5/2023,6/6/2023
341,Isac,O'Duilleain,6/25/2023,2/21/2024
342,Sandye,Gwin,11/16/2023,9/29/2023
343,Jayne,Orfeur,2/26/2024,2/23/2024
344,Ring,Fawcitt,10/4/2023,11/23/2023
345,Winonah,Claughton,8/22/2023,5/20/2023
346,Valerye,Bagnall,4/5/2023,2/8/2024
347,Kassandra,Chaman,12/10/2023,11/21/2023
348,Hugibert,Jakes,11/3/2023,8/20/2023
349,Christa,Please,6/10/2023,7/4/2023
350,Rowland,Phillis,7/17/2023,10/28/2023
351,Aggi,Banasiak,10/24/2023,11/1/2023
352,Raimundo,Scarlin,3/30/2023,9/8/2023
353,Eachelle,D'Aeth,7/11/2023,12/7/2023
354,Katheryn,Tatershall,11/27/2023,10/6/2023
355,Caresa,Darrigrand,1/16/2024,12/15/2023
356,Tilda,Thynne,1/25/2024,5/2/2023
357,Karoly,Keiley,11/11/2023,9/27/2023
358,Rosabella,Nolder,12/27/2023,12/23/2023
359,Florance,Cheves,11/14/2023,5/9/2023
360,Panchito,Tomes,11/14/2023,10/8/2023
361,Merrick,MacPherson,11/9/2023,12/22/2023
362,Kayle,Arch,3/23/2023,10/28/2023
363,Merv,Allsobrook,8/15/2023,11/14/2023
364,Arthur,Aggus,3/13/2023,10/9/2023
365,Carole,Clementucci,9/26/2023,8/27/2023
366,Valli,Geraudy,1/22/2024,1/15/2024
367,Aretha,Ausiello,9/24/2023,3/29/2023
368,Rayna,Philbrook,2/8/2024,10/8/2023
369,Winifield,Bennison,11/16/2023,9/9/2023
370,Peyton,Monaghan,2/7/2024,8/22/2023
371,Arnoldo,Vose,1/18/2024,6/15/2023
372,Brinna,Pennrington,6/8/2023,5/10/2023
373,Filberte,Rossbrooke,4/22/2023,6/11/2023
374,Feliks,Macklin,6/9/2023,12/16/2023
375,Berke,Cabrera,7/13/2023,9/15/2023
376,Al,Humby,12/8/2023,9/25/2023
377,Tadio,Lusty,9/28/2023,5/4/2023
378,Moritz,Macro,1/14/2024,4/19/2023
379,Woodrow,Challinor,1/13/2024,7/4/2023
380,Ron,Gatherell,11/22/2023,9/19/2023
381,Zaneta,Pude,7/31/2023,8/10/2023
382,Druci,Palfree,6/27/2023,7/22/2023
383,Therese,Brimson,10/3/2023,7/30/2023
384,Noah,Massimi,9/6/2023,11/5/2023
385,Wain,Hanks,4/24/2023,2/12/2024
386,Brooke,Tetford,4/17/2023,5/16/2023
387,Stanton,Kershow,6/18/2023,11/8/2023
388,Oona,Toplis,11/1/2023,8/29/2023
389,Georgeanne,Skeldinge,6/27/2023,5/15/2023
390,Ondrea,Cauthra,6/28/2023,2/21/2024
391,Rita,Hafner,1/30/2024,10/29/2023
392,Forrest,De Bruijn,6/2/2023,2/15/2024
393,Evania,Garbutt,12/12/2023,1/6/2024
394,Armand,Haglinton,12/30/2023,12/25/2023
395,Laureen,McCane,2/25/2024,8/25/2023
396,Kristel,Spruce,8/6/2023,6/27/2023
397,Nerty,Mouse,10/3/2023,9/8/2023
398,Kiley,Kennerley,8/13/2023,3/26/2023
399,Otho,Rankine,8/13/2023,2/26/2024
400,Travers,Butterfill,12/3/2023,2/14/2024
401,Sergio,Dallison,7/27/2023,11/2/2023
402,Horton,Southern,4/25/2023,11/1/2023
403,Gaultiero,Pusey,4/12/2023,8/20/2023
404,Isa,Redley,11/9/2023,6/14/2023
405,Nikaniki,Gatus,6/24/2023,2/3/2024
406,Ibbie,Bugg,3/15/2023,6/20/2023
407,Madelena,Penton,8/18/2023,12/27/2023
408,Johnathon,Neil,6/28/2023,8/31/2023
409,Gwenore,Howard,1/27/2024,11/27/2023
410,Jolie,Aizkovitch,1/27/2024,12/15/2023
411,Jamison,Yakobowitch,10/13/2023,7/29/2023
412,Patti,Wabersinke,6/29/2023,6/28/2023
413,Alasdair,Selman,9/15/2023,8/6/2023
414,Carling,Siemianowicz,10/14/2023,4/26/2023
415,Ruthy,MacColm,7/4/2023,8/30/2023
416,Normy,Syvret,11/11/2023,11/17/2023
417,Sharon,Lewsy,4/23/2023,9/5/2023
418,Lelah,Capeloff,11/8/2023,6/23/2023
419,Jeffry,Gerish,10/22/2023,5/11/2023
420,Malina,Shatliff,4/21/2023,1/17/2024
421,Bryant,Pinfold,10/7/2023,11/29/2023
422,Sidney,Kitt,7/6/2023,3/10/2024
423,Aubrey,Burden,4/29/2023,9/11/2023
424,Celesta,Dalgety,2/13/2024,9/6/2023
425,Valentijn,Robelet,7/22/2023,7/17/2023
426,Jori,Leap,3/30/2023,7/5/2023
427,Celia,Ingilson,11/19/2023,5/8/2023
428,Osmund,Berrick,5/19/2023,1/23/2024
429,Agnesse,Winship,1/12/2024,2/27/2024
430,Lennard,Rolse,10/7/2023,1/19/2024
431,Corey,Lathwood,10/14/2023,4/28/2023
432,Fern,Barney,2/3/2024,10/25/2023
433,Faber,McCabe,9/5/2023,1/16/2024
434,Lurlene,Oliveto,4/21/2023,12/15/2023
435,Nicky,Normanville,9/1/2023,6/29/2023
436,Chelsea,Sellstrom,5/8/2023,3/24/2023
437,Jackie,Bousfield,11/25/2023,2/2/2024
438,Shep,Ollerearnshaw,7/19/2023,11/30/2023
439,Amity,Congdon,11/11/2023,1/3/2024
440,Katerine,Caldero,2/5/2024,5/2/2023
441,Jodee,Roder,8/5/2023,3/12/2023
442,Nicky,Boteman,10/22/2023,1/26/2024
443,Wernher,D'Antuoni,2/18/2024,8/12/2023
444,Shelia,Arnow,3/14/2023,6/23/2023
445,Byram,McGonagle,4/28/2023,4/11/2023
446,Adelina,Wiles,10/21/2023,8/8/2023
447,Maynard,Serris,4/8/2023,10/17/2023
448,Haroun,Olyet,7/8/2023,12/15/2023
449,Miquela,Speares,12/12/2023,10/19/2023
450,Alys,Kensall,9/24/2023,2/17/2024
451,Dorrie,Qualtro,2/10/2024,6/30/2023
452,Donavon,Pumphrey,4/30/2023,11/8/2023
453,Olga,Heugel,2/27/2024,10/4/2023
454,Dodie,Draco,3/9/2024,2/19/2024
455,Filberto,Grayshan,8/10/2023,11/19/2023
456,Teddy,Orto,5/31/2023,7/25/2023
457,Gerek,Fidelus,6/26/2023,4/25/2023
458,Barclay,Maulden,4/14/2023,12/12/2023
459,Allyn,Dettmar,8/28/2023,10/19/2023
460,Catherin,Ivoshin,8/3/2023,4/20/2023
461,Webster,Russell,9/1/2023,2/18/2024
462,Gwyneth,Piggens,8/30/2023,5/2/2023
463,Almeta,Poulglais,1/8/2024,1/30/2024
464,Madelena,Kelberman,1/26/2024,12/29/2023
465,Andee,Saberton,12/28/2023,10/31/2023
466,Florence,Ewbanche,4/30/2023,3/13/2023
467,Cecilio,Soars,5/12/2023,3/21/2023
468,Cesya,Handscomb,4/19/2023,8/23/2023
469,Matthus,Mc Queen,11/15/2023,6/6/2023
470,Symon,Wynett,3/24/2023,3/20/2023
471,Glad,Kumaar,10/4/2023,6/1/2023
472,Dara,Harburtson,6/17/2023,4/27/2023
473,Jeana,Stawell,12/21/2023,1/17/2024
474,Filia,Friman,6/18/2023,1/14/2024
475,Issiah,Duker,9/30/2023,4/10/2023
476,Lindi,Geraudy,2/18/2024,6/21/2023
477,Shem,Laydon,12/25/2023,12/1/2023
478,Rosabelle,Ortzen,9/10/2023,5/30/2023
479,Sandra,Anstiss,6/23/2023,10/9/2023
480,Karoly,Cutts,5/30/2023,5/7/2023
481,Channa,Bulward,5/10/2023,8/17/2023
482,Roberto,Byllam,10/30/2023,8/11/2023
483,Vinni,Pratten,7/24/2023,4/18/2023
484,Karim,Fulbrook,11/8/2023,7/14/2023
485,Averill,Byrd,10/11/2023,3/11/2023
486,Guillema,Brogan,3/22/2023,11/20/2023
487,Anderea,McGeachy,1/26/2024,3/9/2024
488,Lavena,Adlam,9/28/2023,11/2/2023
489,Oralee,Tumbelty,4/13/2023,5/24/2023
490,Karl,McNaughton,4/3/2023,7/19/2023
491,Arabel,Crampton,12/15/2023,10/23/2023
492,Tiffi,Halle,3/5/2024,5/12/2023
493,Killy,Mavin,6/5/2023,11/28/2023
494,Laird,Callicott,4/8/2023,1/2/2024
495,Lurlene,Skilton,8/8/2023,1/14/2024
496,Oralee,Du Plantier,8/10/2023,12/29/2023
497,Andee,Raeburn,10/16/2023,4/21/2023
498,Sella,Gimeno,3/23/2023,10/21/2023
499,Marc,Capell,6/19/2023,1/21/2024
500,Cullan,Rockwell,2/22/2024,12/5/2023
501,Kirk,Harker,8/27/2023,4/28/2023
502,Andree,Pedwell,2/19/2024,8/3/2023
503,Rora,Wellington,11/19/2023,6/21/2023
504,Ivy,Prydden,5/14/2023,3/11/2023
505,Jami,Mewton,10/11/2023,4/15/2023
506,Elianore,Croshaw,4/27/2023,1/5/2024
507,Tove,Munt,11/26/2023,1/9/2024
508,Mable,Kett,8/2/2023,10/2/2023
509,Leta,Ching,10/23/2023,11/29/2023
510,Ulrike,Isson,11/5/2023,6/2/2023
511,Janean,Parnham,2/3/2024,7/27/2023
512,Rafaello,Spaduzza,5/22/2023,6/3/2023
513,Raddy,Berrey,7/25/2023,6/14/2023
514,Maybelle,Claque,10/9/2023,10/11/2023
515,Blair,Noto,2/20/2024,4/22/2023
516,Wanda,Weymouth,2/19/2024,4/30/2023
517,Rafi,Walak,3/31/2023,2/1/2024
518,Bonny,Ruse,8/23/2023,1/6/2024
519,Chery,Lainton,7/16/2023,1/26/2024
520,Maddi,Tavernor,1/21/2024,10/26/2023
521,Ave,Maytum,10/25/2023,2/26/2024
522,Torey,Matthius,10/4/2023,12/30/2023
523,Gilly,Wapple,6/10/2023,7/22/2023
524,Starr,Prandoni,9/9/2023,5/15/2023
525,Beilul,Hospital,10/8/2023,8/9/2023
526,Davita,Beecroft,2/27/2024,5/21/2023
527,Myrna,Andrivot,12/29/2023,5/18/2023
528,Kendrick,Caldaro,3/13/2023,4/18/2023
529,Bentlee,Pleven,1/31/2024,9/26/2023
530,Quent,Armstrong,4/8/2023,5/1/2023
531,Babs,Edis,12/12/2023,12/4/2023
532,Welbie,Dockray,1/21/2024,3/1/2024
533,Tarah,Hoonahan,8/22/2023,4/7/2023
534,Nichole,Siege,7/30/2023,5/9/2023
535,Nike,Popplewell,10/15/2023,3/23/2023
536,Peggie,MacGaughie,4/7/2023,3/1/2024
537,Auberon,Dantesia,8/19/2023,2/8/2024
538,Abbott,Muncie,12/4/2023,2/26/2024
539,Blondelle,Speake,7/1/2023,1/1/2024
540,Britte,Raithby,1/8/2024,3/19/2023
541,Freeland,Weatherhogg,8/3/2023,9/20/2023
542,Svend,Thackwray,2/16/2024,2/25/2024
543,Adlai,Sholem,8/25/2023,9/12/2023
544,Caresse,Arnould,5/4/2023,7/25/2023
545,Laney,Manhare,5/14/2023,5/27/2023
546,Luca,Bedburrow,3/23/2023,3/12/2023
547,Solly,Curnock,3/16/2023,10/4/2023
548,Letta,Crumby,9/29/2023,8/21/2023
549,Miner,Gooble,8/10/2023,7/11/2023
550,Baxy,Mousdall,12/24/2023,7/21/2023
551,Merrill,Short,12/2/2023,9/22/2023
552,Eleonore,Tranfield,10/22/2023,4/4/2023
553,Betta,Batterbee,4/30/2023,9/4/2023
554,Michal,Cossar,7/14/2023,4/12/2023
555,Tarrah,Kelemen,4/24/2023,12/6/2023
556,Morry,Bidewel,12/28/2023,8/26/2023
557,Melany,Philippsohn,5/20/2023,8/10/2023
558,Alys,Beebe,1/15/2024,1/10/2024
559,Asa,Castane,5/4/2023,10/19/2023
560,Sherwynd,Phelipeau,1/24/2024,6/6/2023
561,Yettie,Mathely,1/30/2024,8/18/2023
562,Ericka,Raddenbury,10/21/2023,8/19/2023
563,Sampson,Rediers,8/11/2023,7/1/2023
564,Mike,Mumford,1/17/2024,6/20/2023
565,Sean,Crotty,3/23/2023,10/18/2023
566,Schuyler,Signe,8/11/2023,5/12/2023
567,Sheppard,Wilbore,4/19/2023,9/14/2023
568,Madelyn,Addionisio,4/13/2023,4/16/2023
569,Jeana,Tomaselli,8/9/2023,12/2/2023
570,Matias,Ost,7/2/2023,11/10/2023
571,Isadore,Haylett,12/19/2023,9/17/2023
572,Nell,Tottem,6/8/2023,10/19/2023
573,Sherline,Stannett,3/20/2023,6/26/2023
574,Kordula,Stivani,5/6/2023,5/6/2023
575,Sydney,Mooring,8/26/2023,2/15/2024
576,Rhianna,Rabson,2/17/2024,10/28/2023
577,Kevan,Drieu,12/13/2023,2/22/2024
578,Nollie,Allard,7/27/2023,3/15/2023
579,Ruthanne,Peat,11/17/2023,6/20/2023
580,Everett,Mackneis,5/26/2023,1/18/2024
581,Carmelita,Barsham,6/9/2023,3/30/2023
582,Hildegarde,Riccio,12/12/2023,6/7/2023
583,Huey,Natwick,10/27/2023,9/15/2023
584,Kristo,Rosetti,3/4/2024,12/11/2023
585,Clarance,Najara,10/16/2023,7/1/2023
586,Ab,Wandrey,7/11/2023,4/28/2023
587,Alverta,Folke,7/13/2023,10/15/2023
588,Abigale,Holehouse,11/20/2023,6/24/2023
589,Drusilla,Biddell,2/12/2024,3/6/2024
590,Dorothea,Terrey,6/14/2023,5/17/2023
591,Elliot,Vickers,6/7/2023,1/9/2024
592,Emogene,Schonfelder,3/8/2024,4/13/2023
593,Allissa,Pedrollo,9/21/2023,4/2/2023
594,Allyn,Aldington,2/11/2024,11/3/2023
595,Jens,Jee,10/14/2023,1/16/2024
596,Allen,Blinkhorn,10/31/2023,12/10/2023
597,Maximo,Wherton,11/21/2023,8/14/2023
598,Alicea,Lally,8/19/2023,11/19/2023
599,Inez,Stieger,5/3/2023,12/21/2023
600,Aleda,Lothlorien,12/19/2023,6/21/2023
601,Sula,Bannard,11/5/2023,12/30/2023
602,Kass,Titcomb,5/23/2023,1/29/2024
603,Pablo,Haycraft,3/15/2023,11/26/2023
604,Ram,Shillitto,1/28/2024,5/3/2023
605,Corilla,McAneny,6/30/2023,6/20/2023
606,Niels,Bansal,12/7/2023,8/8/2023
607,Savina,Brouncker,5/9/2023,1/10/2024
608,Mavis,Dagon,8/16/2023,12/11/2023
609,Derrick,Goodley,3/15/2023,5/21/2023
610,Neall,Dahle,12/23/2023,9/13/2023
611,Maddy,Dowling,3/17/2023,4/1/2023
612,Fanni,Shatliffe,1/6/2024,11/25/2023
613,Gilles,MacNeachtain,9/16/2023,6/18/2023
614,Abbe,Bus,9/27/2023,5/7/2023
615,Ailey,Farry,11/19/2023,8/17/2023
616,Tandi,Bollis,4/20/2023,7/21/2023
617,Griffie,Gianolini,5/1/2023,12/10/2023
618,Giulio,Coughlan,1/29/2024,1/24/2024
619,Skell,Bearham,10/23/2023,4/22/2023
620,Lyndsie,Torrent,9/20/2023,12/7/2023
621,Alvan,MacMaster,10/9/2023,1/22/2024
622,Jorie,Eastbrook,7/21/2023,1/22/2024
623,Thor,Hassur,9/2/2023,8/10/2023
624,Muffin,Husbands,5/23/2023,5/1/2023
625,Orazio,Poe,3/3/2024,1/1/2024
626,Shantee,Raggatt,9/24/2023,9/14/2023
627,Noreen,Huws,5/26/2023,9/17/2023
628,Lilas,Benedyktowicz,11/7/2023,3/15/2023
629,Jaquenetta,Wallworke,10/23/2023,8/21/2023
630,Nappy,Dukelow,7/6/2023,9/28/2023
631,Veronique,Sidon,9/14/2023,4/7/2023
632,Marji,Budget,3/29/2023,1/6/2024
633,Fairlie,Gogin,2/23/2024,12/27/2023
634,Domenico,Gutierrez,8/19/2023,9/3/2023
635,Elsey,Challener,1/30/2024,4/9/2023
636,Bogey,Dakin,3/1/2024,5/18/2023
637,Gunilla,Imeson,6/13/2023,4/12/2023
638,Trixi,Bridger,7/18/2023,7/5/2023
639,Bella,Drayton,3/28/2023,4/24/2023
640,Price,Scallan,5/22/2023,7/11/2023
641,Lexy,Lidgerton,11/5/2023,8/12/2023
642,Woodie,Echallie,3/14/2023,1/31/2024
643,Karlyn,Millson,1/5/2024,5/19/2023
644,Shelly,Dudding,12/17/2023,2/20/2024
645,Mord,Corn,8/8/2023,5/3/2023
646,Olwen,Bascomb,5/13/2023,7/19/2023
647,Marybeth,Langstaff,3/24/2023,7/18/2023
648,Britta,Lipp,8/26/2023,9/18/2023
649,Ainslee,Wain,6/3/2023,1/23/2024
650,Michel,Lavrinov,2/28/2024,1/24/2024
651,Frannie,Guillard,5/24/2023,11/12/2023
652,Tabb,Vedekhov,8/31/2023,9/29/2023
653,Laurice,Toffler,7/26/2023,2/26/2024
654,Verile,Jasper,2/28/2024,11/11/2023
655,Annabelle,Lambdin,7/22/2023,6/18/2023
656,Sigismond,Guiden,11/21/2023,4/15/2023
657,Leanor,Westgarth,9/3/2023,7/3/2023
658,Georgianna,Ricketts,12/18/2023,5/8/2023
659,Lynde,Benting,2/2/2024,11/5/2023
660,Granville,Bestwerthick,11/18/2023,12/12/2023
661,Byrann,Betteriss,2/29/2024,10/12/2023
662,Maisey,Longstaffe,2/5/2024,12/20/2023
663,Pavia,Tanner,10/29/2023,1/29/2024
664,Mohandas,Stollenhof,9/1/2023,7/27/2023
665,Goldie,Rugg,8/7/2023,10/22/2023
666,Marwin,Antonelli,9/23/2023,6/9/2023
667,Sharlene,Klimt,7/16/2023,4/8/2023
668,Fabe,O'Hannigan,1/7/2024,5/6/2023
669,Kirsten,Castiglio,5/12/2023,12/15/2023
670,Viki,McSperrin,3/31/2023,8/24/2023
671,Marven,Power,7/9/2023,6/28/2023
672,Rebekah,Mendenhall,7/5/2023,9/2/2023
673,Zola,Speedin,8/24/2023,4/22/2023
674,Stacy,Jencken,9/28/2023,11/8/2023
675,Calypso,Ringe,6/14/2023,10/27/2023
676,Jinny,Loveredge,2/20/2024,1/23/2024
677,Veda,Filipic,6/11/2023,3/14/2023
678,Sauveur,Jonathon,9/19/2023,11/14/2023
679,David,Losbie,8/20/2023,9/22/2023
680,Jeanette,Bootland,2/15/2024,11/25/2023
681,Enriqueta,Rumney,8/14/2023,6/10/2023
682,Stephani,Stringman,8/12/2023,7/31/2023
683,Lizzie,Beagrie,11/25/2023,1/6/2024
684,Phebe,Seger,1/28/2024,3/28/2023
685,Kipp,Belbin,3/30/2023,10/17/2023
686,Cordy,De Domenicis,5/28/2023,1/19/2024
687,Evyn,Geroldo,9/30/2023,1/17/2024
688,Dun,Verdy,12/22/2023,10/4/2023
689,Asher,Cundy,6/21/2023,1/12/2024
690,Cliff,Dumbar,11/6/2023,1/22/2024
691,Justine,Michelet,3/21/2023,7/14/2023
692,Fidole,Copperwaite,12/7/2023,2/12/2024
693,Ody,Awcock,5/9/2023,3/17/2023
694,Creigh,Pharoah,5/22/2023,10/31/2023
695,Smith,Borsay,4/12/2023,4/18/2023
696,Marcy,Argile,12/13/2023,7/3/2023
697,Mary,Du Fray,10/20/2023,10/25/2023
698,Ethelind,Gartrell,11/5/2023,10/26/2023
699,Caro,Treanor,3/10/2024,6/20/2023
700,Crin,Fuster,5/8/2023,6/1/2023
701,Morly,Foye,8/7/2023,1/19/2024
702,Rex,McGregor,2/3/2024,5/17/2023
703,Moishe,Pratley,4/15/2023,8/14/2023
704,Adriano,Lilleycrop,9/7/2023,5/17/2023
705,Halette,Heddan,6/29/2023,3/16/2023
706,Moina,Nevitt,4/14/2023,7/24/2023
707,Lauryn,Stannah,12/1/2023,4/21/2023
708,Ilsa,Brindle,3/15/2023,5/25/2023
709,Nonie,Gresley,2/26/2024,3/24/2023
710,Haskell,Brookwell,5/20/2023,9/2/2023
711,Jessalyn,Canwell,7/3/2023,2/27/2024
712,Fabe,Streater,11/12/2023,5/25/2023
713,Evvy,Ors,4/12/2023,11/10/2023
714,Jeanie,Depka,10/1/2023,2/19/2024
715,Magda,Fewell,11/9/2023,7/7/2023
716,Arte,Aughton,1/31/2024,6/13/2023
717,Egon,Ketteringham,12/31/2023,2/28/2024
718,Jeddy,Tasseler,2/20/2024,4/22/2023
719,Ban,Plose,11/17/2023,12/10/2023
720,Didi,O'Deegan,8/27/2023,3/23/2023
721,Russ,Jachtym,6/18/2023,12/31/2023
722,Elaina,Gwyn,5/17/2023,2/7/2024
723,Ginni,Atterley,7/28/2023,2/9/2024
724,Desiree,Rait,1/20/2024,8/14/2023
725,Abbe,Sunter,8/30/2023,11/17/2023
726,Staford,Oxbury,7/3/2023,4/7/2023
727,Noach,Traise,11/17/2023,7/26/2023
728,Savina,Wiskar,5/2/2023,10/21/2023
729,Bruno,Yaus,12/4/2023,12/3/2023
730,Muire,Airs,6/1/2023,9/1/2023
731,Harper,Shallcross,3/6/2024,5/13/2023
732,Gwenore,Montez,8/25/2023,9/27/2023
733,Mischa,Bohlmann,9/10/2023,11/22/2023
734,Jeremy,Dellenbrook,7/8/2023,1/6/2024
735,Myron,Goodge,11/24/2023,1/7/2024
736,Rodolfo,Bottell,12/8/2023,8/26/2023
737,Milly,Midner,3/19/2023,12/18/2023
738,Catherine,Knapp,5/5/2023,12/15/2023
739,Mahmoud,Kupec,7/17/2023,10/1/2023
740,Sheree,Sturgess,11/6/2023,8/25/2023
741,Jemima,Dedham,3/4/2024,11/19/2023
742,Humbert,McCafferty,10/1/2023,11/26/2023
743,Rhodie,Fraine,9/16/2023,3/6/2024
744,Clyde,Poon,7/13/2023,11/13/2023
745,Goldarina,Rego,10/27/2023,7/26/2023
746,Nanette,Ferraron,9/22/2023,12/28/2023
747,Armand,Village,12/13/2023,6/7/2023
748,Loise,Sier,12/21/2023,4/15/2023
749,Manny,Schnitter,10/15/2023,5/12/2023
750,Griff,Fowley,7/5/2023,6/13/2023
751,Cilka,Jacobowits,2/17/2024,7/8/2023
752,Charlena,Neward,10/30/2023,5/16/2023
753,Dita,Eyckelberg,8/29/2023,3/11/2023
754,Clarance,Stoeckle,6/6/2023,9/14/2023
755,Benetta,Buddle,6/5/2023,2/29/2024
756,Arlie,Glasson,10/13/2023,11/27/2023
757,Orren,Vahl,8/10/2023,8/20/2023
758,Ursa,Ranyell,11/20/2023,12/25/2023
759,Giraldo,Friel,11/29/2023,7/19/2023
760,Siana,Timmins,11/10/2023,1/12/2024
761,Bord,Hazelgreave,5/3/2023,8/13/2023
762,Graehme,Arnaudot,8/23/2023,6/15/2023
763,Melly,Maginot,7/27/2023,5/26/2023
764,Barby,Antoniewski,2/14/2024,11/4/2023
765,Gabriello,Antyukhin,9/2/2023,4/22/2023
766,Emalia,Mollitt,3/8/2024,9/1/2023
767,Erna,Carah,7/30/2023,1/23/2024
768,Ceciley,Bearsmore,4/25/2023,7/6/2023
769,Gauthier,Spat,3/28/2023,4/27/2023
770,Hartley,Parman,1/1/2024,1/1/2024
771,Quintus,Adame,7/11/2023,12/30/2023
772,Winna,Reinmar,3/22/2023,7/26/2023
773,Nikkie,MacNeice,11/22/2023,1/20/2024
774,Corry,Hiorn,7/23/2023,12/27/2023
775,Sibyl,Poland,2/29/2024,11/20/2023
776,Hagen,Glyde,3/24/2023,8/13/2023
777,Stavro,Senten,5/2/2023,7/6/2023
778,Amby,Toye,5/12/2023,9/21/2023
779,Dianna,Corrado,11/22/2023,6/4/2023
780,Shaughn,Faraday,5/21/2023,11/3/2023
781,Shaw,Hardaway,12/12/2023,5/31/2023
782,Gael,Mixer,8/11/2023,6/6/2023
783,Robbyn,Burnapp,6/25/2023,2/13/2024
784,Nelia,Durman,12/15/2023,9/14/2023
785,Peterus,Chantillon,7/8/2023,12/16/2023
786,Christalle,Giametti,12/2/2023,8/13/2023
787,Noah,Tape,12/20/2023,5/23/2023
788,Bethanne,Spellessy,12/13/2023,5/16/2023
789,Constancy,Martinec,12/28/2023,12/23/2023
790,Victoria,Walisiak,5/8/2023,10/31/2023
791,Laney,Hansmann,10/23/2023,9/25/2023
792,Marie-jeanne,Curton,5/16/2023,4/20/2023
793,Kerrin,Marven,7/26/2023,7/8/2023
794,Beck,Culkin,7/18/2023,9/28/2023
795,Melody,Theaker,3/3/2024,4/19/2023
796,Helga,Vile,10/11/2023,5/30/2023
797,Amalie,Malby,5/21/2023,5/28/2023
798,Luciano,Scogin,8/11/2023,7/26/2023
799,Dniren,Bare,3/30/2023,10/19/2023
800,Tandie,Corro,4/1/2023,1/5/2024
801,Briggs,de Aguirre,12/3/2023,10/10/2023
802,Yance,Jelf,9/18/2023,7/11/2023
803,Julio,Poutress,11/28/2023,6/19/2023
804,Quintana,Pereira,10/2/2023,11/5/2023
805,Jay,Gimson,10/24/2023,12/11/2023
806,Serena,Painten,5/9/2023,7/2/2023
807,Devy,Grahl,7/21/2023,10/18/2023
808,Ronnie,Montes,1/25/2024,12/30/2023
809,Nadean,Talmadge,10/14/2023,2/14/2024
810,Murvyn,Collaton,4/12/2023,4/5/2023
811,Shea,Smail,10/14/2023,12/6/2023
812,Corty,Popplewell,12/31/2023,2/15/2024
813,Wileen,Gerwood,1/31/2024,3/28/2023
814,Wilek,Slowley,1/12/2024,6/16/2023
815,Eugen,Sheard,7/14/2023,2/9/2024
816,Oralla,Prestige,1/4/2024,5/4/2023
817,Johnette,Morgon,6/14/2023,5/21/2023
818,Yoko,Eadington,10/24/2023,9/10/2023
819,Daniela,Seager,9/14/2023,4/2/2023
820,Alfy,Daybell,5/12/2023,3/4/2024
821,Valma,Balogun,9/26/2023,9/11/2023
822,Wilhelmina,Dugald,4/13/2023,8/12/2023
823,Chris,Franzewitch,9/15/2023,9/24/2023
824,Aarika,Flipek,10/12/2023,7/29/2023
825,Kirstin,Webb-Bowen,11/27/2023,8/18/2023
826,Ricca,Hertwell,3/18/2023,12/31/2023
827,Nannette,Richly,10/31/2023,1/27/2024
828,Regan,Spenclay,3/27/2023,1/12/2024
829,Rica,Jones,2/29/2024,1/15/2024
830,Scottie,Whellans,1/24/2024,4/8/2023
831,Dinny,Nornable,10/28/2023,7/14/2023
832,Demetre,Cosyns,3/19/2023,6/15/2023
833,Deidre,Ivakhno,2/1/2024,10/16/2023
834,Vail,Tommasetti,11/18/2023,11/28/2023
835,Cassandre,Dorman,3/30/2023,10/29/2023
836,Yard,MacPike,12/12/2023,1/12/2024
837,Salem,Ghio,7/7/2023,2/28/2024
838,Brion,Turfs,1/31/2024,5/8/2023
839,Kinsley,Mitchelhill,2/2/2024,2/18/2024
840,Janette,Prior,5/18/2023,10/19/2023
841,Anastasie,Biesty,4/10/2023,4/2/2023
842,Maurise,Newland,3/12/2023,1/19/2024
843,Care,Greveson,8/26/2023,11/16/2023
844,Fernando,Courtin,3/25/2023,1/22/2024
845,Devondra,Clue,6/13/2023,6/6/2023
846,Madelaine,Ciccerale,4/27/2023,12/8/2023
847,Ambrosio,Pallesen,2/22/2024,9/26/2023
848,Rafferty,Salliere,2/18/2024,9/28/2023
849,Robinia,Theodore,3/17/2023,2/5/2024
850,Hadlee,Peirson,10/29/2023,9/9/2023
851,Derron,Ellerbeck,11/3/2023,11/5/2023
852,Teddie,Ackerley,1/6/2024,11/14/2023
853,Nat,Cona,2/16/2024,1/16/2024
854,Keven,McFfaden,8/24/2023,7/24/2023
855,Alyosha,Saulter,4/24/2023,7/15/2023
856,Angel,Flear,1/23/2024,11/21/2023
857,Sharai,Drains,4/19/2023,8/29/2023
858,Jobie,Rozenzweig,7/13/2023,11/25/2023
859,Sayre,Younie,7/16/2023,7/20/2023
860,Tadeas,Webb,1/12/2024,7/24/2023
861,Louise,Aylen,9/26/2023,4/26/2023
862,Mauricio,Fortman,7/16/2023,12/4/2023
863,Yvette,Kubicka,10/30/2023,10/4/2023
864,Pammy,McKeurton,8/14/2023,8/26/2023
865,Hannah,Norewood,8/8/2023,2/2/2024
866,Charissa,Elliot,12/28/2023,8/4/2023
867,Linea,Dominighi,7/31/2023,2/11/2024
868,Nat,Buzza,1/4/2024,2/2/2024
869,Lenci,Minnette,1/27/2024,11/28/2023
870,Archie,Vouls,8/2/2023,2/25/2024
871,Jerrome,Tugman,9/8/2023,4/23/2023
872,Magdalen,Wimpey,11/29/2023,11/3/2023
873,Gaby,Hansod,5/14/2023,12/17/2023
874,Garrott,Hailston,12/16/2023,10/3/2023
875,Rachele,Cassella,8/23/2023,2/15/2024
876,Rodge,Barge,1/30/2024,4/2/2023
877,Marcelo,Bassil,6/1/2023,8/29/2023
878,Willy,Burtwell,7/17/2023,4/30/2023
879,Erminia,Kirgan,1/23/2024,7/19/2023
880,Waverley,Leeke,8/31/2023,9/28/2023
881,Michale,Bustin,3/17/2023,1/15/2024
882,Heidi,Barfield,9/29/2023,4/4/2023
883,Emelita,Fermer,6/2/2023,11/23/2023
884,Wylie,Rehm,11/18/2023,1/10/2024
885,Sloane,Francesc,1/2/2024,6/20/2023
886,Bobina,Thrift,5/15/2023,1/5/2024
887,Abbi,Trowl,10/30/2023,11/3/2023
888,Bernete,Stockey,2/9/2024,8/13/2023
889,Thorpe,Litton,3/1/2024,4/6/2023
890,Sharia,Allgood,6/4/2023,3/25/2023
891,Olva,Oganesian,11/25/2023,6/4/2023
892,Patin,Milmore,1/25/2024,4/15/2023
893,Alwin,Reiners,5/1/2023,5/10/2023
894,Scarface,Clulee,9/21/2023,1/25/2024
895,Teddie,Greenway,6/12/2023,11/15/2023
896,Stevy,Carlan,5/30/2023,2/11/2024
897,Normand,Kach,6/13/2023,8/30/2023
898,Mathilde,Borge,4/25/2023,3/30/2023
899,Glen,Birtle,6/17/2023,2/22/2024
900,Renie,Mathevet,9/2/2023,6/1/2023
901,Vivi,Symers,9/10/2023,9/5/2023
902,Reena,Sprionghall,2/9/2024,6/25/2023
903,Noemi,Berdale,6/29/2023,8/2/2023
904,Alano,Zettoi,10/5/2023,8/23/2023
905,Blithe,Ayshford,11/9/2023,7/15/2023
906,Giana,Sebire,8/11/2023,6/3/2023
907,Caty,Stopper,9/28/2023,5/26/2023
908,Carmine,Blodgetts,7/13/2023,9/16/2023
909,Herman,Chrishop,4/10/2023,12/28/2023
910,Federico,Willars,10/5/2023,9/8/2023
911,Kelly,Impett,8/17/2023,3/3/2024
912,Kath,Penvarne,3/2/2024,11/14/2023
913,Janelle,Pearch,1/14/2024,1/22/2024
914,Brant,Roberson,10/28/2023,10/20/2023
915,Sheena,Scandroot,10/8/2023,11/3/2023
916,Hill,Donovan,5/20/2023,12/4/2023
917,Barn,Akett,5/10/2023,11/8/2023
918,Arin,Brevitt,5/29/2023,9/12/2023
919,Arielle,Esmead,7/22/2023,11/6/2023
920,Gardener,Aspel,9/18/2023,3/19/2023
921,Oralie,Berkeley,7/27/2023,11/14/2023
922,Victor,Scandrett,6/11/2023,1/27/2024
923,Stavro,McKiernan,7/19/2023,6/16/2023
924,Elissa,Lambrick,12/15/2023,3/11/2023
925,Ravid,Azam,11/27/2023,7/11/2023
926,Abramo,Phalip,2/9/2024,2/12/2024
927,Shirline,Wesson,1/15/2024,3/15/2023
928,Roxanne,Uglow,12/10/2023,1/13/2024
929,Donetta,Bardwall,4/22/2023,5/20/2023
930,Polly,Eglinton,8/3/2023,7/23/2023
931,Jessamine,Klehn,1/27/2024,3/6/2024
932,Haywood,Domb,1/2/2024,9/10/2023
933,Constanta,Sharer,6/24/2023,2/10/2024
934,Anita,Tebbitt,10/30/2023,2/20/2024
935,Catina,Bandt,9/11/2023,6/30/2023
936,Morna,Basezzi,12/28/2023,5/22/2023
937,Shari,Tondeur,12/19/2023,8/17/2023
938,Meredith,Vanyushin,11/13/2023,12/1/2023
939,Katha,Sodor,1/23/2024,10/28/2023
940,Kati,Marran,2/1/2024,9/11/2023
941,Leodora,Beningfield,1/24/2024,4/5/2023
942,Giacopo,Tow,2/7/2024,11/29/2023
943,Lionello,Mattingley,1/7/2024,8/18/2023
944,Krishna,Kuhnwald,3/1/2024,10/30/2023
945,Chane,Fatharly,11/17/2023,10/18/2023
946,Noellyn,Coyne,3/12/2023,5/17/2023
947,Chance,Burbury,9/1/2023,7/30/2023
948,Conny,Lammerts,6/16/2023,4/16/2023
949,Sibelle,Forbear,4/3/2023,1/29/2024
950,Cleveland,Blaszczyk,6/12/2023,7/2/2023
951,Bonnee,Jenkinson,6/29/2023,10/3/2023
952,Dynah,Holberry,5/8/2023,11/23/2023
953,Abbe,Keelinge,2/20/2024,4/14/2023
954,Beverlie,Dives,8/7/2023,10/9/2023
955,Raf,Ferres,5/13/2023,5/6/2023
956,Shandy,Hartle,3/15/2023,5/21/2023
957,Miguelita,Ewbach,7/25/2023,5/20/2023
958,Griffin,Brownlie,3/5/2024,8/14/2023
959,Mendel,Livick,7/31/2023,3/21/2023
960,Urban,Ingraham,1/6/2024,12/23/2023
961,Zane,Scrine,7/11/2023,6/26/2023
962,Cordy,Boland,8/3/2023,3/7/2024
963,Babara,Conibeer,1/13/2024,9/3/2023
964,Bennie,Trueman,4/2/2023,10/4/2023
965,Silvester,Gonsalvez,4/8/2023,6/6/2023
966,Dougy,Pinks,3/21/2023,11/14/2023
967,Chiquia,Heskey,3/5/2024,7/14/2023
968,Harlie,Mangenot,3/21/2023,8/4/2023
969,Cosimo,Stanfield,3/4/2024,4/27/2023
970,Walker,Mc Menamin,3/24/2023,6/9/2023
971,Val,Taylder,12/28/2023,9/1/2023
972,Wilton,Keyes,9/5/2023,11/18/2023
973,Ringo,Werner,7/6/2023,2/12/2024
974,Laina,Harbisher,10/1/2023,11/4/2023
975,Lynea,Edgson,12/25/2023,7/8/2023
976,Broderic,Copas,12/23/2023,12/26/2023
977,Artair,Landre,10/23/2023,1/14/2024
978,Moll,Gregoriou,11/18/2023,12/14/2023
979,Glennie,Blight,11/14/2023,8/5/2023
980,Roberta,Sheivels,5/14/2023,3/25/2023
981,Rollie,Hallatt,3/12/2023,6/5/2023
982,Lyda,Bilbie,4/17/2023,12/9/2023
983,Idaline,Ollivier,1/7/2024,6/6/2023
984,Jackqueline,Carling,5/5/2023,4/6/2023
985,Modesta,Lerner,7/10/2023,3/30/2023
986,Huey,Wasbey,6/25/2023,12/22/2023
987,Mattie,Luxen,4/5/2023,4/3/2023
988,Scarlett,MacGahey,9/23/2023,12/17/2023
989,Kipper,MacTrustrie,4/25/2023,4/7/2023
990,Lyndsey,Gallamore,7/20/2023,12/4/2023
991,Far,O'Giany,7/4/2023,4/16/2023
992,Brigitta,Woolstenholmes,12/11/2023,2/8/2024
993,Ellery,Glasgow,4/12/2023,8/29/2023
994,Merlina,McKernon,11/4/2023,8/8/2023
995,Francoise,Durkin,2/5/2024,7/23/2023
996,Maximo,Brisard,8/10/2023,2/14/2024
997,Dermot,Isaacs,1/15/2024,2/16/2024
998,Dyane,Sigars,11/10/2023,3/8/2024
999,Teri,Schulken,6/14/2023,10/23/2023
1000,Sanson,Kimbley,9/2/2023,10/8/2023
